Salesman Id,Salesman Fname,Salesman Lname,Salesman Email,Market,Region,Hire Date,Commission Rate
1,Danielle,Johnson,danielle.johnson1@company.com,Africa,Central Africa,2020-10-12,0.058
2,Jeffrey,Doyle,jeffrey.doyle2@company.com,Africa,Central Africa,2023-12-18,0.022
3,Patricia,Miller,patricia.miller3@company.com,Africa,Central Africa,2021-12-11,0.037
4,Anthony,Robinson,anthony.robinson4@company.com,Africa,Central Africa,2022-08-09,0.033
5,Anthony,Gonzalez,anthony.gonzalez5@company.com,Africa,Central Africa,2023-10-01,0.064
6,Amy,Robinson,amy.robinson6@company.com,Africa,Central Africa,2023-04-09,0.061
7,Lisa,Smith,lisa.smith7@company.com,Africa,East Africa,2024-12-25,0.074
8,Helen,Peterson,helen.peterson8@company.com,Africa,East Africa,2019-11-01,0.025
9,Susan,Rogers,susan.rogers9@company.com,Africa,East Africa,2019-05-04,0.045
10,Colin,Abbott,colin.abbott10@company.com,Africa,East Africa,2023-05-20,0.022
11,Lindsay,Blair,lindsay.blair11@company.com,Africa,East Africa,2022-11-06,0.033
12,Teresa,Gray,teresa.gray12@company.com,Africa,East Africa,2022-12-22,0.05
13,Maria,Montgomery,maria.montgomery13@company.com,Africa,North Africa,2025-06-05,0.022
14,Barbara,Bush,barbara.bush14@company.com,Africa,North Africa,2018-12-19,0.032
15,Jeremy,Roberts,jeremy.roberts15@company.com,Africa,North Africa,2019-03-27,0.059
16,Jesse,Garcia,jesse.garcia16@company.com,Africa,North Africa,2020-10-20,0.053
17,Cynthia,Diaz,cynthia.diaz17@company.com,Africa,North Africa,2021-07-14,0.033
18,Jason,Adams,jason.adams18@company.com,Africa,North Africa,2026-01-07,0.055
19,Deborah,Lynch,deborah.lynch19@company.com,Africa,North Africa,2019-12-16,0.069
20,Jessica,Martin,jessica.martin20@company.com,Africa,North Africa,2021-08-10,0.02
21,Veronica,Bowman,veronica.bowman21@company.com,Africa,North Africa,2023-01-05,0.068
22,Gabrielle,Cameron,gabrielle.cameron22@company.com,Africa,North Africa,2024-09-30,0.062
23,Jeremy,Johnson,jeremy.johnson23@company.com,Africa,North Africa,2021-02-06,0.04
24,Joseph,Clark,joseph.clark24@company.com,Africa,Southern Africa,2026-01-25,0.029
25,Nancy,Edwards,nancy.edwards25@company.com,Africa,Southern Africa,2023-10-17,0.077
26,Randall,Rocha,randall.rocha26@company.com,Africa,Southern Africa,2022-03-27,0.04
27,Joseph,Wright,joseph.wright27@company.com,Africa,Southern Africa,2023-01-18,0.026
28,Jose,Richards,jose.richards28@company.com,Africa,West Africa,2025-09-17,0.026
29,Reginald,Robinson,reginald.robinson29@company.com,Africa,West Africa,2026-07-02,0.071
30,William,Davis,william.davis30@company.com,Africa,West Africa,2018-12-23,0.056
31,Daniel,Burton,daniel.burton31@company.com,Africa,West Africa,2024-11-15,0.068
32,Robert,Brown,robert.brown32@company.com,Africa,West Africa,2021-08-16,0.064
33,Wendy,Rice,wendy.rice33@company.com,Africa,West Africa,2026-04-17,0.052
34,Michelle,Smith,michelle.smith34@company.com,Africa,West Africa,2024-04-23,0.078
35,Erin,Herrera,erin.herrera35@company.com,Africa,West Africa,2020-09-18,0.043
36,Danielle,Rodriguez,danielle.rodriguez36@company.com,Africa,West Africa,2022-01-17,0.053
37,Shawn,Mckay,shawn.mckay37@company.com,Africa,West Africa,2025-07-15,0.07
38,Jose,Mason,jose.mason38@company.com,Africa,West Africa,2020-01-07,0.057
39,Rita,Harrell,rita.harrell39@company.com,Africa,West Africa,2020-12-19,0.072
40,Danielle,Lynch,danielle.lynch40@company.com,Europe,Eastern Europe,2019-10-25,0.055
41,Kathryn,Ryan,kathryn.ryan41@company.com,Europe,Eastern Europe,2024-10-07,0.062
42,Alyssa,Smith,alyssa.smith42@company.com,Europe,Eastern Europe,2021-03-03,0.023
43,Andrew,Hickman,andrew.hickman43@company.com,Europe,Eastern Europe,2025-07-24,0.034
44,Marie,Parker,marie.parker44@company.com,Europe,Eastern Europe,2019-01-23,0.037
45,Natalie,Arroyo,natalie.arroyo45@company.com,Europe,Eastern Europe,2019-04-13,0.025
46,Todd,Jones,todd.jones46@company.com,Europe,Eastern Europe,2024-08-16,0.034
47,Katie,Anderson,katie.anderson47@company.com,Europe,Eastern Europe,2022-05-14,0.026
48,Andrea,Baker,andrea.baker48@company.com,Europe,Eastern Europe,2025-07-06,0.037
49,Rodney,Lewis,rodney.lewis49@company.com,Europe,Eastern Europe,2022-11-15,0.058
50,Jessica,Harris,jessica.harris50@company.com,Europe,Eastern Europe,2021-01-26,0.042
51,Wanda,Santos,wanda.santos51@company.com,Europe,Eastern Europe,2022-01-26,0.042
52,Zachary,Martinez,zachary.martinez52@company.com,Europe,Eastern Europe,2020-05-19,0.033
53,Matthew,Chapman,matthew.chapman53@company.com,Europe,Northern Europe,2020-06-04,0.036
54,Jeffrey,Jones,jeffrey.jones54@company.com,Europe,Northern Europe,2023-08-08,0.076
55,Jeremy,Whitehead,jeremy.whitehead55@company.com,Europe,Northern Europe,2025-05-30,0.059
56,Chad,Young,chad.young56@company.com,Europe,Northern Europe,2023-11-25,0.057
57,Jason,Anderson,jason.anderson57@company.com,Europe,Northern Europe,2026-01-04,0.03
58,Ashley,Kennedy,ashley.kennedy58@company.com,Europe,Northern Europe,2024-10-25,0.064
59,Lindsey,Lee,lindsey.lee59@company.com,Europe,Northern Europe,2019-05-16,0.03
60,Ryan,Henderson,ryan.henderson60@company.com,Europe,Northern Europe,2022-04-20,0.043
61,Jessica,Nunez,jessica.nunez61@company.com,Europe,Northern Europe,2026-05-25,0.079
62,Corey,Powell,corey.powell62@company.com,Europe,Northern Europe,2021-04-16,0.058
63,Michelle,Wright,michelle.wright63@company.com,Europe,Northern Europe,2020-02-10,0.053
64,Shane,Henderson,shane.henderson64@company.com,Europe,Northern Europe,2020-10-22,0.061
65,John,Leblanc,john.leblanc65@company.com,Europe,Northern Europe,2022-02-10,0.071
66,Michelle,Pierce,michelle.pierce66@company.com,Europe,Northern Europe,2019-01-02,0.067
67,Yvette,Huff,yvette.huff67@company.com,Europe,Northern Europe,2026-04-11,0.034
68,Sara,Allison,sara.allison68@company.com,Europe,Northern Europe,2019-12-02,0.022
69,Todd,Lewis,todd.lewis69@company.com,Europe,Northern Europe,2021-10-11,0.039
70,Brian,Gray,brian.gray70@company.com,Europe,Northern Europe,2026-05-28,0.036
71,Joseph,Bowers,joseph.bowers71@company.com,Europe,Northern Europe,2022-03-16,0.033
72,Rodney,Bernard,rodney.bernard72@company.com,Europe,Northern Europe,2026-06-26,0.077
73,Angela,Higgins,angela.higgins73@company.com,Europe,Northern Europe,2019-10-30,0.073
74,Kenneth,Novak,kenneth.novak74@company.com,Europe,Northern Europe,2023-03-10,0.039
75,Amy,Adkins,amy.adkins75@company.com,Europe,Northern Europe,2019-01-21,0.059
76,Breanna,Shaw,breanna.shaw76@company.com,Europe,Northern Europe,2025-05-10,0.044
77,Eric,Yu,eric.yu77@company.com,Europe,Northern Europe,2019-03-28,0.075
78,Jacob,Larson,jacob.larson78@company.com,Europe,Northern Europe,2023-12-13,0.048
79,Joe,Wilson,joe.wilson79@company.com,Europe,Northern Europe,2025-08-26,0.036
80,John,Wheeler,john.wheeler80@company.com,Europe,Northern Europe,2023-07-05,0.035
81,Robert,Silva,robert.silva81@company.com,Europe,Northern Europe,2022-09-28,0.054
82,Sarah,Harris,sarah.harris82@company.com,Europe,Northern Europe,2024-04-10,0.036
83,John,Foster,john.foster83@company.com,Europe,Northern Europe,2023-12-03,0.055
84,Kevin,Stewart,kevin.stewart84@company.com,Europe,Northern Europe,2024-07-22,0.074
85,Charles,Ellis,charles.ellis85@company.com,Europe,Northern Europe,2026-07-05,0.044
86,Wendy,Jones,wendy.jones86@company.com,Europe,Southern Europe,2020-04-16,0.033
87,Joseph,Mahoney,joseph.mahoney87@company.com,Europe,Southern Europe,2025-07-30,0.08
88,Natasha,Wood,natasha.wood88@company.com,Europe,Southern Europe,2019-11-08,0.051
89,Martha,Warner,martha.warner89@company.com,Europe,Southern Europe,2023-06-12,0.025
90,Vanessa,Valdez,vanessa.valdez90@company.com,Europe,Southern Europe,2018-08-31,0.023
91,Lisa,Evans,lisa.evans91@company.com,Europe,Southern Europe,2023-11-09,0.027
92,Sheila,Taylor,sheila.taylor92@company.com,Europe,Southern Europe,2019-07-08,0.058
93,Daniel,Tran,daniel.tran93@company.com,Europe,Southern Europe,2020-10-04,0.068
94,Cassandra,Robbins,cassandra.robbins94@company.com,Europe,Southern Europe,2020-03-19,0.045
95,Cynthia,Baker,cynthia.baker95@company.com,Europe,Southern Europe,2022-06-21,0.024
96,Rebecca,Mathis,rebecca.mathis96@company.com,Europe,Southern Europe,2019-05-02,0.043
97,Rodney,Hill,rodney.hill97@company.com,Europe,Southern Europe,2018-08-19,0.08
98,Kellie,Walsh,kellie.walsh98@company.com,Europe,Southern Europe,2020-09-04,0.052
99,Joyce,Arnold,joyce.arnold99@company.com,Europe,Southern Europe,2021-12-27,0.078
100,Alec,Jones,alec.jones100@company.com,Europe,Southern Europe,2025-08-05,0.072
101,Rebecca,Gardner,rebecca.gardner101@company.com,Europe,Southern Europe,2025-03-18,0.021
102,Brandi,Hernandez,brandi.hernandez102@company.com,Europe,Southern Europe,2019-08-12,0.063
103,Kyle,Nolan,kyle.nolan103@company.com,Europe,Southern Europe,2024-11-27,0.061
104,Michelle,Nolan,michelle.nolan104@company.com,Europe,Southern Europe,2020-04-07,0.052
105,John,Garcia,john.garcia105@company.com,Europe,Southern Europe,2024-10-12,0.036
106,Nicole,Russell,nicole.russell106@company.com,Europe,Southern Europe,2023-07-08,0.058
107,Eric,Spears,eric.spears107@company.com,Europe,Southern Europe,2025-06-13,0.027
108,Theresa,Cochran,theresa.cochran108@company.com,Europe,Southern Europe,2025-08-01,0.046
109,Angel,Doyle,angel.doyle109@company.com,Europe,Southern Europe,2021-03-26,0.047
110,Sarah,Pham,sarah.pham110@company.com,Europe,Southern Europe,2025-06-11,0.077
111,Lisa,Adams,lisa.adams111@company.com,Europe,Southern Europe,2024-11-02,0.073
112,Daniel,Brennan,daniel.brennan112@company.com,Europe,Southern Europe,2025-05-27,0.036
113,Jeffrey,Velasquez,jeffrey.velasquez113@company.com,Europe,Southern Europe,2022-04-01,0.05
114,Kevin,Pope,kevin.pope114@company.com,Europe,Southern Europe,2020-05-28,0.031
115,Andrew,Lee,andrew.lee115@company.com,Europe,Southern Europe,2021-03-15,0.075
116,Michelle,Rasmussen,michelle.rasmussen116@company.com,Europe,Southern Europe,2020-10-24,0.072
117,Darlene,Ross,darlene.ross117@company.com,Europe,Western Europe,2026-05-16,0.038
118,Amanda,Crosby,amanda.crosby118@company.com,Europe,Western Europe,2019-07-08,0.058
119,Tara,White,tara.white119@company.com,Europe,Western Europe,2026-03-23,0.057
120,Joseph,Rodriguez,joseph.rodriguez120@company.com,Europe,Western Europe,2022-01-16,0.029
121,Jessica,Edwards,jessica.edwards121@company.com,Europe,Western Europe,2023-05-28,0.066
122,William,Cruz,william.cruz122@company.com,Europe,Western Europe,2023-03-03,0.052
123,Jonathan,Fletcher,jonathan.fletcher123@company.com,Europe,Western Europe,2018-08-13,0.067
124,Sara,Ryan,sara.ryan124@company.com,Europe,Western Europe,2024-04-19,0.052
125,Judy,Lambert,judy.lambert125@company.com,Europe,Western Europe,2021-06-27,0.02
126,Chad,Beck,chad.beck126@company.com,Europe,Western Europe,2021-03-20,0.039
127,Lee,Charles,lee.charles127@company.com,Europe,Western Europe,2024-04-20,0.021
128,Kevin,Parker,kevin.parker128@company.com,Europe,Western Europe,2021-11-02,0.076
129,Richard,Phillips,richard.phillips129@company.com,Europe,Western Europe,2019-08-12,0.073
130,Robert,Bentley,robert.bentley130@company.com,Europe,Western Europe,2023-12-19,0.07
131,Raven,Gilbert,raven.gilbert131@company.com,Europe,Western Europe,2020-12-26,0.038
132,Amy,Smith,amy.smith132@company.com,Europe,Western Europe,2020-11-15,0.023
133,Russell,Carpenter,russell.carpenter133@company.com,Europe,Western Europe,2023-10-15,0.073
134,Steven,Ramos,steven.ramos134@company.com,Europe,Western Europe,2020-04-18,0.077
135,Thomas,Santana,thomas.santana135@company.com,Europe,Western Europe,2024-11-27,0.025
136,Gene,Miller,gene.miller136@company.com,Europe,Western Europe,2022-09-07,0.049
137,Cynthia,Rogers,cynthia.rogers137@company.com,Europe,Western Europe,2025-01-30,0.024
138,Karen,Chambers,karen.chambers138@company.com,Europe,Western Europe,2020-05-19,0.066
139,James,Johnson,james.johnson139@company.com,Europe,Western Europe,2020-07-17,0.066
140,Thomas,Atkinson,thomas.atkinson140@company.com,Europe,Western Europe,2019-03-07,0.028
141,Robert,Soto,robert.soto141@company.com,Europe,Western Europe,2020-02-22,0.049
142,Heather,Snyder,heather.snyder142@company.com,Europe,Western Europe,2020-07-14,0.053
143,Diana,Smith,diana.smith143@company.com,Europe,Western Europe,2024-07-19,0.036
144,Kayla,Rodriguez,kayla.rodriguez144@company.com,Europe,Western Europe,2021-12-20,0.072
145,Gregory,Rubio,gregory.rubio145@company.com,Europe,Western Europe,2022-09-14,0.045
146,Brent,Wright,brent.wright146@company.com,Europe,Western Europe,2025-04-27,0.033
147,Stephen,Solis,stephen.solis147@company.com,Europe,Western Europe,2023-11-21,0.052
148,Vanessa,Larson,vanessa.larson148@company.com,Europe,Western Europe,2026-02-15,0.064
149,Patricia,Salazar,patricia.salazar149@company.com,Europe,Western Europe,2024-04-19,0.032
150,William,Rivas,william.rivas150@company.com,Europe,Western Europe,2022-12-10,0.039
151,Phyllis,Manning,phyllis.manning151@company.com,Europe,Western Europe,2022-05-12,0.08
152,Jonathon,Wright,jonathon.wright152@company.com,Europe,Western Europe,2023-08-27,0.059
153,Katie,Boyd,katie.boyd153@company.com,Europe,Western Europe,2023-07-26,0.046
154,Joshua,Jones,joshua.jones154@company.com,Europe,Western Europe,2020-11-12,0.051
155,Joseph,Flores,joseph.flores155@company.com,Europe,Western Europe,2022-11-18,0.027
156,Devon,Hall,devon.hall156@company.com,Europe,Western Europe,2024-02-05,0.033
157,Jasmine,Brown,jasmine.brown157@company.com,Europe,Western Europe,2021-10-30,0.04
158,Amy,Perry,amy.perry158@company.com,Europe,Western Europe,2020-03-29,0.055
159,Robert,Stein,robert.stein159@company.com,Europe,Western Europe,2023-03-25,0.034
160,Heather,Gates,heather.gates160@company.com,Europe,Western Europe,2024-08-31,0.033
161,Omar,Smith,omar.smith161@company.com,Europe,Western Europe,2021-05-22,0.024
162,Karen,Castaneda,karen.castaneda162@company.com,Europe,Western Europe,2026-02-25,0.058
163,Robert,Adkins,robert.adkins163@company.com,Europe,Western Europe,2022-12-05,0.034
164,Carrie,Walker,carrie.walker164@company.com,Europe,Western Europe,2020-05-04,0.074
165,Ryan,Johnson,ryan.johnson165@company.com,Europe,Western Europe,2021-04-07,0.072
166,Erin,Powell,erin.powell166@company.com,Europe,Western Europe,2019-11-29,0.024
167,Tanner,Anderson,tanner.anderson167@company.com,Europe,Western Europe,2023-07-13,0.034
168,Anthony,Long,anthony.long168@company.com,Europe,Western Europe,2023-01-27,0.06
169,Anthony,Day,anthony.day169@company.com,Europe,Western Europe,2019-09-05,0.033
170,Steven,Williams,steven.williams170@company.com,Europe,Western Europe,2021-08-09,0.028
171,Jason,Murphy,jason.murphy171@company.com,Europe,Western Europe,2024-08-18,0.076
172,Nicholas,Walton,nicholas.walton172@company.com,Europe,Western Europe,2025-03-10,0.054
173,Johnny,Miller,johnny.miller173@company.com,Europe,Western Europe,2018-10-04,0.048
174,Amber,Cooke,amber.cooke174@company.com,Europe,Western Europe,2021-05-17,0.067
175,Debra,Harrington,debra.harrington175@company.com,Europe,Western Europe,2023-10-06,0.068
176,Karen,Herring,karen.herring176@company.com,Europe,Western Europe,2020-03-07,0.031
177,Andrew,Hernandez,andrew.hernandez177@company.com,Europe,Western Europe,2019-08-09,0.026
178,Elizabeth,Elliott,elizabeth.elliott178@company.com,Europe,Western Europe,2020-04-30,0.046
179,Holly,Wang,holly.wang179@company.com,Europe,Western Europe,2019-12-07,0.045
180,Catherine,Adkins,catherine.adkins180@company.com,Europe,Western Europe,2019-07-06,0.048
181,Lori,Oconnell,lori.oconnell181@company.com,Europe,Western Europe,2019-06-17,0.064
182,Anthony,Collins,anthony.collins182@company.com,Europe,Western Europe,2023-12-19,0.06
183,Susan,Sanders,susan.sanders183@company.com,Europe,Western Europe,2024-04-06,0.079
184,Charles,Vaughn,charles.vaughn184@company.com,Europe,Western Europe,2023-07-27,0.026
185,Curtis,Barton,curtis.barton185@company.com,Europe,Western Europe,2025-05-03,0.044
186,Caroline,Martinez,caroline.martinez186@company.com,Europe,Western Europe,2026-05-24,0.04
187,Kimberly,Reed,kimberly.reed187@company.com,Europe,Western Europe,2021-12-29,0.072
188,Mitchell,Hunter,mitchell.hunter188@company.com,Europe,Western Europe,2021-04-21,0.035
189,Melissa,Short,melissa.short189@company.com,Europe,Western Europe,2019-06-10,0.031
190,Susan,Reid,susan.reid190@company.com,Europe,Western Europe,2025-03-01,0.047
191,Jasmine,Graham,jasmine.graham191@company.com,Europe,Western Europe,2024-05-31,0.045
192,Tammy,Nelson,tammy.nelson192@company.com,Europe,Western Europe,2025-01-01,0.037
193,Amanda,Webb,amanda.webb193@company.com,Europe,Western Europe,2022-01-19,0.035
194,Jessica,Adams,jessica.adams194@company.com,Europe,Western Europe,2025-05-07,0.075
195,Mariah,Miller,mariah.miller195@company.com,Europe,Western Europe,2025-08-01,0.047
196,John,Marshall,john.marshall196@company.com,Europe,Western Europe,2023-06-09,0.072
197,Nicholas,Johnson,nicholas.johnson197@company.com,Europe,Western Europe,2025-05-04,0.053
198,Hunter,Lewis,hunter.lewis198@company.com,Europe,Western Europe,2024-12-02,0.023
199,Matthew,Beard,matthew.beard199@company.com,Europe,Western Europe,2024-02-26,0.08
200,Joshua,Smith,joshua.smith200@company.com,Europe,Western Europe,2026-02-09,0.07
201,Christopher,Cortez,christopher.cortez201@company.com,Europe,Western Europe,2022-06-21,0.078
202,Katherine,Vaughn,katherine.vaughn202@company.com,Europe,Western Europe,2023-09-19,0.076
203,Travis,Mcguire,travis.mcguire203@company.com,Europe,Western Europe,2019-05-05,0.071
204,Jeffrey,Holt,jeffrey.holt204@company.com,Europe,Western Europe,2021-01-10,0.03
205,Bonnie,Kennedy,bonnie.kennedy205@company.com,Europe,Western Europe,2022-10-22,0.049
206,Ronald,Reese,ronald.reese206@company.com,Europe,Western Europe,2021-03-22,0.033
207,Jacqueline,Nelson,jacqueline.nelson207@company.com,LATAM,Caribbean,2020-08-05,0.044
208,David,Lee,david.lee208@company.com,LATAM,Caribbean,2019-07-20,0.024
209,Amanda,Gill,amanda.gill209@company.com,LATAM,Caribbean,2020-01-26,0.043
210,Javier,Washington,javier.washington210@company.com,LATAM,Caribbean,2024-05-04,0.079
211,Tiffany,Warren,tiffany.warren211@company.com,LATAM,Caribbean,2020-11-04,0.036
212,Craig,Lee,craig.lee212@company.com,LATAM,Caribbean,2020-05-27,0.067
213,Harry,Smith,harry.smith213@company.com,LATAM,Caribbean,2022-10-31,0.047
214,Joshua,Mccann,joshua.mccann214@company.com,LATAM,Caribbean,2022-12-26,0.045
215,Heidi,Martinez,heidi.martinez215@company.com,LATAM,Caribbean,2025-06-24,0.077
216,Travis,Salas,travis.salas216@company.com,LATAM,Caribbean,2023-02-24,0.08
217,Taylor,Alexander,taylor.alexander217@company.com,LATAM,Caribbean,2020-01-24,0.053
218,Brett,Everett,brett.everett218@company.com,LATAM,Caribbean,2022-05-21,0.063
219,Lynn,Morales,lynn.morales219@company.com,LATAM,Caribbean,2019-03-11,0.029
220,Crystal,Brown,crystal.brown220@company.com,LATAM,Caribbean,2019-10-14,0.038
221,Anna,Torres,anna.torres221@company.com,LATAM,Caribbean,2026-06-22,0.078
222,David,Duran,david.duran222@company.com,LATAM,Caribbean,2023-05-28,0.055
223,Krystal,Perez,krystal.perez223@company.com,LATAM,Caribbean,2022-09-28,0.053
224,Shannon,Ramos,shannon.ramos224@company.com,LATAM,Caribbean,2025-05-31,0.065
225,Veronica,Torres,veronica.torres225@company.com,LATAM,Caribbean,2023-07-10,0.023
226,Chelsea,Singh,chelsea.singh226@company.com,LATAM,Caribbean,2026-02-08,0.055
227,Jared,Clark,jared.clark227@company.com,LATAM,Caribbean,2023-10-31,0.05
228,Eric,Thompson,eric.thompson228@company.com,LATAM,Caribbean,2019-03-14,0.071
229,Aaron,Hayes,aaron.hayes229@company.com,LATAM,Caribbean,2023-04-22,0.029
230,Kelly,Hall,kelly.hall230@company.com,LATAM,Caribbean,2024-03-14,0.078
231,Jacqueline,Gibson,jacqueline.gibson231@company.com,LATAM,Caribbean,2024-01-17,0.025
232,Sandra,French,sandra.french232@company.com,LATAM,Caribbean,2023-07-21,0.031
233,Donna,Peck,donna.peck233@company.com,LATAM,Caribbean,2021-12-20,0.056
234,Amy,Holland,amy.holland234@company.com,LATAM,Caribbean,2025-10-18,0.061
235,Margaret,Jones,margaret.jones235@company.com,LATAM,Central America,2019-12-01,0.034
236,Kyle,Curry,kyle.curry236@company.com,LATAM,Central America,2023-02-10,0.027
237,Keith,Martinez,keith.martinez237@company.com,LATAM,Central America,2024-01-21,0.073
238,Holly,Bender,holly.bender238@company.com,LATAM,Central America,2022-07-26,0.035
239,Troy,Miller,troy.miller239@company.com,LATAM,Central America,2018-12-02,0.056
240,Ryan,Morris,ryan.morris240@company.com,LATAM,Central America,2020-08-02,0.057
241,Christopher,Hayden,christopher.hayden241@company.com,LATAM,Central America,2025-03-22,0.045
242,Barbara,Sampson,barbara.sampson242@company.com,LATAM,Central America,2026-07-08,0.055
243,Emily,Adams,emily.adams243@company.com,LATAM,Central America,2018-12-03,0.051
244,Katelyn,Ruiz,katelyn.ruiz244@company.com,LATAM,Central America,2023-10-06,0.076
245,Sabrina,White,sabrina.white245@company.com,LATAM,Central America,2023-03-28,0.032
246,Cynthia,Vasquez,cynthia.vasquez246@company.com,LATAM,Central America,2019-04-29,0.063
247,Michael,Cook,michael.cook247@company.com,LATAM,Central America,2023-11-29,0.034
248,Mia,Rivera,mia.rivera248@company.com,LATAM,Central America,2024-02-05,0.044
249,Keith,Landry,keith.landry249@company.com,LATAM,Central America,2025-01-16,0.06
250,Andrea,Gibson,andrea.gibson250@company.com,LATAM,Central America,2021-02-03,0.038
251,Marcus,Cordova,marcus.cordova251@company.com,LATAM,Central America,2021-10-20,0.039
252,Xavier,Travis,xavier.travis252@company.com,LATAM,Central America,2023-10-23,0.065
253,Amy,Gutierrez,amy.gutierrez253@company.com,LATAM,Central America,2020-02-02,0.024
254,Michael,Avila,michael.avila254@company.com,LATAM,Central America,2023-07-22,0.047
255,Kathleen,Harris,kathleen.harris255@company.com,LATAM,Central America,2022-12-14,0.08
256,Sara,Kim,sara.kim256@company.com,LATAM,Central America,2024-02-18,0.08
257,David,Dudley,david.dudley257@company.com,LATAM,Central America,2023-06-04,0.024
258,John,Moore,john.moore258@company.com,LATAM,Central America,2022-12-19,0.033
259,Andrea,Davis,andrea.davis259@company.com,LATAM,Central America,2026-06-17,0.036
260,Robin,Murray,robin.murray260@company.com,LATAM,Central America,2019-07-14,0.076
261,Marilyn,Jimenez,marilyn.jimenez261@company.com,LATAM,Central America,2024-04-11,0.073
262,William,Hill,william.hill262@company.com,LATAM,Central America,2025-03-19,0.073
263,Tina,Sanchez,tina.sanchez263@company.com,LATAM,Central America,2022-12-20,0.042
264,Patrick,Weeks,patrick.weeks264@company.com,LATAM,Central America,2022-08-17,0.029
265,Natasha,Shields,natasha.shields265@company.com,LATAM,Central America,2020-10-15,0.07
266,Kristy,Perry,kristy.perry266@company.com,LATAM,Central America,2025-12-31,0.062
267,William,Hoover,william.hoover267@company.com,LATAM,Central America,2020-11-03,0.057
268,Kenneth,Matthews,kenneth.matthews268@company.com,LATAM,Central America,2026-07-06,0.079
269,Tracy,Hernandez,tracy.hernandez269@company.com,LATAM,Central America,2022-11-13,0.059
270,Michael,Arnold,michael.arnold270@company.com,LATAM,Central America,2022-11-27,0.02
271,Stanley,Morris,stanley.morris271@company.com,LATAM,Central America,2020-02-05,0.069
272,Heidi,Armstrong,heidi.armstrong272@company.com,LATAM,Central America,2020-06-14,0.038
273,Kimberly,Williams,kimberly.williams273@company.com,LATAM,Central America,2024-07-01,0.06
274,Janet,Shepherd,janet.shepherd274@company.com,LATAM,Central America,2021-08-29,0.076
275,Elizabeth,Hoover,elizabeth.hoover275@company.com,LATAM,Central America,2026-05-15,0.028
276,Tyler,Johnson,tyler.johnson276@company.com,LATAM,Central America,2022-07-31,0.027
277,Brittany,Kane,brittany.kane277@company.com,LATAM,Central America,2025-07-11,0.026
278,Scott,Fox,scott.fox278@company.com,LATAM,Central America,2022-03-22,0.053
279,Jennifer,Ortiz,jennifer.ortiz279@company.com,LATAM,Central America,2023-10-15,0.036
280,Eric,Harrison,eric.harrison280@company.com,LATAM,Central America,2026-04-11,0.056
281,Matthew,Schwartz,matthew.schwartz281@company.com,LATAM,Central America,2023-10-01,0.063
282,Melissa,Phelps,melissa.phelps282@company.com,LATAM,Central America,2025-05-29,0.032
283,Norman,Stewart,norman.stewart283@company.com,LATAM,Central America,2024-04-17,0.058
284,Katherine,Brennan,katherine.brennan284@company.com,LATAM,Central America,2018-11-20,0.036
285,Casey,Welch,casey.welch285@company.com,LATAM,Central America,2025-11-23,0.049
286,Wendy,Francis,wendy.francis286@company.com,LATAM,Central America,2022-01-15,0.074
287,Corey,Schultz,corey.schultz287@company.com,LATAM,Central America,2025-07-06,0.071
288,Scott,Benson,scott.benson288@company.com,LATAM,Central America,2025-10-03,0.026
289,Brandon,Flynn,brandon.flynn289@company.com,LATAM,Central America,2020-12-04,0.045
290,Nicholas,Thomas,nicholas.thomas290@company.com,LATAM,Central America,2022-10-23,0.037
291,Ashlee,Sparks,ashlee.sparks291@company.com,LATAM,Central America,2019-12-13,0.02
292,Christian,Pitts,christian.pitts292@company.com,LATAM,Central America,2023-07-06,0.066
293,John,Durham,john.durham293@company.com,LATAM,Central America,2019-09-26,0.058
294,Steven,King,steven.king294@company.com,LATAM,Central America,2020-08-16,0.036
295,Albert,Ballard,albert.ballard295@company.com,LATAM,Central America,2025-09-27,0.064
296,Erica,Moore,erica.moore296@company.com,LATAM,Central America,2022-02-06,0.053
297,Michael,Matthews,michael.matthews297@company.com,LATAM,Central America,2023-08-30,0.046
298,Roger,Wright,roger.wright298@company.com,LATAM,Central America,2025-04-18,0.021
299,James,Cruz,james.cruz299@company.com,LATAM,Central America,2022-06-06,0.025
300,John,Armstrong,john.armstrong300@company.com,LATAM,Central America,2023-02-26,0.073
301,Victoria,Phillips,victoria.phillips301@company.com,LATAM,Central America,2026-05-07,0.074
302,Dominique,Hill,dominique.hill302@company.com,LATAM,Central America,2023-01-31,0.053
303,Gina,Garner,gina.garner303@company.com,LATAM,Central America,2018-12-28,0.07
304,Catherine,Crawford,catherine.crawford304@company.com,LATAM,Central America,2025-10-05,0.055
305,Justin,Lindsey,justin.lindsey305@company.com,LATAM,Central America,2023-05-30,0.029
306,Michael,Fields,michael.fields306@company.com,LATAM,Central America,2023-07-09,0.028
307,Erica,Le,erica.le307@company.com,LATAM,Central America,2023-10-28,0.038
308,Mary,Fuller,mary.fuller308@company.com,LATAM,Central America,2025-10-03,0.074
309,Debbie,Parker,debbie.parker309@company.com,LATAM,Central America,2022-02-03,0.068
310,Bethany,Oconnor,bethany.oconnor310@company.com,LATAM,Central America,2019-04-26,0.072
311,Kenneth,Burgess,kenneth.burgess311@company.com,LATAM,Central America,2019-12-29,0.074
312,David,Ryan,david.ryan312@company.com,LATAM,Central America,2026-04-18,0.033
313,Alyssa,Mcintyre,alyssa.mcintyre313@company.com,LATAM,Central America,2025-03-06,0.035
314,Jonathan,Summers,jonathan.summers314@company.com,LATAM,Central America,2022-06-02,0.026
315,Lindsay,Francis,lindsay.francis315@company.com,LATAM,Central America,2021-04-14,0.067
316,Darius,Mccarty,darius.mccarty316@company.com,LATAM,Central America,2019-09-20,0.073
317,Tammy,Dalton,tammy.dalton317@company.com,LATAM,Central America,2024-05-03,0.044
318,Tina,Coffey,tina.coffey318@company.com,LATAM,Central America,2024-12-21,0.057
319,Michael,Gibbs,michael.gibbs319@company.com,LATAM,Central America,2018-09-18,0.029
320,Amanda,Gibson,amanda.gibson320@company.com,LATAM,Central America,2023-12-06,0.076
321,Emily,Richards,emily.richards321@company.com,LATAM,Central America,2025-02-11,0.072
322,Shelby,Rodriguez,shelby.rodriguez322@company.com,LATAM,Central America,2020-06-15,0.079
323,Angel,Henson,angel.henson323@company.com,LATAM,Central America,2023-01-18,0.069
324,Rose,Walker,rose.walker324@company.com,LATAM,Central America,2019-02-07,0.073
325,Madison,Blankenship,madison.blankenship325@company.com,LATAM,Central America,2020-12-29,0.021
326,Ricky,Taylor,ricky.taylor326@company.com,LATAM,Central America,2026-02-04,0.064
327,Kevin,Vasquez,kevin.vasquez327@company.com,LATAM,Central America,2019-05-17,0.04
328,Paige,Taylor,paige.taylor328@company.com,LATAM,Central America,2022-03-12,0.076
329,Ellen,Paul,ellen.paul329@company.com,LATAM,South America,2026-02-03,0.068
330,Robert,Newton,robert.newton330@company.com,LATAM,South America,2019-10-29,0.072
331,Robert,Garcia,robert.garcia331@company.com,LATAM,South America,2022-06-24,0.069
332,Ricky,Lynn,ricky.lynn332@company.com,LATAM,South America,2018-11-11,0.036
333,Mitchell,Ramos,mitchell.ramos333@company.com,LATAM,South America,2026-02-17,0.067
334,Melissa,Garcia,melissa.garcia334@company.com,LATAM,South America,2024-01-12,0.026
335,Amy,Levine,amy.levine335@company.com,LATAM,South America,2021-06-11,0.072
336,Raymond,Lopez,raymond.lopez336@company.com,LATAM,South America,2019-07-28,0.072
337,Melanie,Gibson,melanie.gibson337@company.com,LATAM,South America,2023-11-07,0.033
338,Darlene,Harper,darlene.harper338@company.com,LATAM,South America,2018-10-09,0.069
339,Kristin,Sanchez,kristin.sanchez339@company.com,LATAM,South America,2019-08-08,0.048
340,Anne,Jones,anne.jones340@company.com,LATAM,South America,2024-08-29,0.038
341,Jamie,Robinson,jamie.robinson341@company.com,LATAM,South America,2025-06-28,0.068
342,Mark,Hernandez,mark.hernandez342@company.com,LATAM,South America,2025-09-25,0.034
343,Aaron,Garrison,aaron.garrison343@company.com,LATAM,South America,2019-10-01,0.021
344,David,King,david.king344@company.com,LATAM,South America,2019-12-26,0.032
345,Donna,Johnson,donna.johnson345@company.com,LATAM,South America,2018-09-20,0.04
346,Kristy,Young,kristy.young346@company.com,LATAM,South America,2021-03-02,0.072
347,Grant,Williams,grant.williams347@company.com,LATAM,South America,2024-06-23,0.078
348,Alicia,Reese,alicia.reese348@company.com,LATAM,South America,2022-05-17,0.037
349,Kimberly,Palmer,kimberly.palmer349@company.com,LATAM,South America,2019-06-20,0.058
350,William,Dougherty,william.dougherty350@company.com,LATAM,South America,2018-12-12,0.044
351,Krista,Camacho,krista.camacho351@company.com,LATAM,South America,2022-09-25,0.079
352,Stephen,Maynard,stephen.maynard352@company.com,LATAM,South America,2019-01-31,0.052
353,Timothy,Morales,timothy.morales353@company.com,LATAM,South America,2024-01-14,0.076
354,Tracy,Browning,tracy.browning354@company.com,LATAM,South America,2019-03-09,0.027
355,Christopher,Franklin,christopher.franklin355@company.com,LATAM,South America,2019-02-14,0.078
356,Joshua,Schultz,joshua.schultz356@company.com,LATAM,South America,2022-12-11,0.031
357,Mark,Vang,mark.vang357@company.com,LATAM,South America,2022-10-21,0.078
358,Shawn,Jacobs,shawn.jacobs358@company.com,LATAM,South America,2019-05-22,0.036
359,Jacqueline,Farrell,jacqueline.farrell359@company.com,LATAM,South America,2023-10-04,0.027
360,Kayla,Le,kayla.le360@company.com,LATAM,South America,2020-04-21,0.046
361,Shannon,Perez,shannon.perez361@company.com,LATAM,South America,2021-04-15,0.064
362,Shawn,Perry,shawn.perry362@company.com,LATAM,South America,2019-05-10,0.039
363,Ronald,Ortega,ronald.ortega363@company.com,LATAM,South America,2021-07-26,0.056
364,Elijah,Leblanc,elijah.leblanc364@company.com,LATAM,South America,2019-02-19,0.051
365,Marie,Davis,marie.davis365@company.com,LATAM,South America,2019-05-15,0.043
366,Joanne,Cain,joanne.cain366@company.com,LATAM,South America,2023-01-04,0.055
367,Brenda,Hoffman,brenda.hoffman367@company.com,LATAM,South America,2021-03-19,0.035
368,David,Gomez,david.gomez368@company.com,LATAM,South America,2023-11-15,0.063
369,Karen,Parrish,karen.parrish369@company.com,LATAM,South America,2024-04-24,0.02
370,Tanya,Burke,tanya.burke370@company.com,LATAM,South America,2021-05-21,0.076
371,Becky,Lewis,becky.lewis371@company.com,LATAM,South America,2023-10-21,0.052
372,Jeffrey,Rodriguez,jeffrey.rodriguez372@company.com,LATAM,South America,2025-04-18,0.063
373,Michael,Farmer,michael.farmer373@company.com,LATAM,South America,2023-02-24,0.065
374,Lindsay,Bruce,lindsay.bruce374@company.com,LATAM,South America,2026-04-27,0.06
375,Loretta,Austin,loretta.austin375@company.com,LATAM,South America,2023-09-10,0.042
376,Anthony,Hickman,anthony.hickman376@company.com,LATAM,South America,2025-03-03,0.024
377,Joseph,White,joseph.white377@company.com,LATAM,South America,2024-03-02,0.06
378,Kyle,Morgan,kyle.morgan378@company.com,LATAM,South America,2018-08-26,0.04
379,Molly,Knight,molly.knight379@company.com,Pacific Asia,Central Asia,2021-10-11,0.039
380,Donald,Schultz,donald.schultz380@company.com,Pacific Asia,Central Asia,2018-11-05,0.071
381,Julie,Lewis,julie.lewis381@company.com,Pacific Asia,Central Asia,2021-12-05,0.063
382,Matthew,Wood,matthew.wood382@company.com,Pacific Asia,Eastern Asia,2024-04-25,0.038
383,Kimberly,Bradley,kimberly.bradley383@company.com,Pacific Asia,Eastern Asia,2019-04-11,0.039
384,Brian,Moore,brian.moore384@company.com,Pacific Asia,Eastern Asia,2023-06-30,0.045
385,Emily,Nelson,emily.nelson385@company.com,Pacific Asia,Eastern Asia,2023-11-05,0.044
386,Todd,Ramos,todd.ramos386@company.com,Pacific Asia,Eastern Asia,2020-10-06,0.038
387,Kari,Wilson,kari.wilson387@company.com,Pacific Asia,Eastern Asia,2022-01-03,0.028
388,Justin,Gregory,justin.gregory388@company.com,Pacific Asia,Eastern Asia,2022-06-16,0.045
389,Elizabeth,Williams,elizabeth.williams389@company.com,Pacific Asia,Eastern Asia,2021-09-25,0.076
390,Carol,Smith,carol.smith390@company.com,Pacific Asia,Eastern Asia,2020-12-27,0.061
391,Jason,Taylor,jason.taylor391@company.com,Pacific Asia,Eastern Asia,2020-08-16,0.074
392,Mark,Smith,mark.smith392@company.com,Pacific Asia,Eastern Asia,2024-07-08,0.057
393,Gregory,James,gregory.james393@company.com,Pacific Asia,Eastern Asia,2024-03-05,0.038
394,Vincent,Whitaker,vincent.whitaker394@company.com,Pacific Asia,Eastern Asia,2024-12-26,0.053
395,Charles,Hensley,charles.hensley395@company.com,Pacific Asia,Eastern Asia,2018-12-09,0.02
396,Andrew,Morse,andrew.morse396@company.com,Pacific Asia,Eastern Asia,2025-06-06,0.037
397,Barbara,Berry,barbara.berry397@company.com,Pacific Asia,Eastern Asia,2024-03-21,0.046
398,Robert,Wilson,robert.wilson398@company.com,Pacific Asia,Eastern Asia,2018-10-08,0.055
399,Mark,Solis,mark.solis399@company.com,Pacific Asia,Eastern Asia,2023-07-01,0.059
400,Marilyn,Gillespie,marilyn.gillespie400@company.com,Pacific Asia,Eastern Asia,2019-04-20,0.048
401,Megan,Sanchez,megan.sanchez401@company.com,Pacific Asia,Eastern Asia,2023-04-08,0.047
402,Alexandria,Foster,alexandria.foster402@company.com,Pacific Asia,Eastern Asia,2021-01-22,0.033
403,Matthew,Cook,matthew.cook403@company.com,Pacific Asia,Eastern Asia,2019-12-08,0.048
404,William,Wilson,william.wilson404@company.com,Pacific Asia,Eastern Asia,2022-08-22,0.074
405,Rebecca,Bailey,rebecca.bailey405@company.com,Pacific Asia,Eastern Asia,2024-05-12,0.068
406,Lori,Briggs,lori.briggs406@company.com,Pacific Asia,Oceania,2020-06-22,0.03
407,Dwayne,Gonzalez,dwayne.gonzalez407@company.com,Pacific Asia,Oceania,2023-05-17,0.025
408,Kathleen,Rios,kathleen.rios408@company.com,Pacific Asia,Oceania,2020-01-03,0.051
409,Kendra,Snyder,kendra.snyder409@company.com,Pacific Asia,Oceania,2024-07-29,0.058
410,Kathleen,Cole,kathleen.cole410@company.com,Pacific Asia,Oceania,2025-12-02,0.04
411,Anne,Reid,anne.reid411@company.com,Pacific Asia,Oceania,2023-07-20,0.069
412,Michelle,Burton,michelle.burton412@company.com,Pacific Asia,Oceania,2019-10-19,0.065
413,Carlos,Ramos,carlos.ramos413@company.com,Pacific Asia,Oceania,2020-12-31,0.06
414,Joshua,Brown,joshua.brown414@company.com,Pacific Asia,Oceania,2022-08-15,0.033
415,Lance,Hayes,lance.hayes415@company.com,Pacific Asia,Oceania,2019-01-20,0.032
416,Marie,Jones,marie.jones416@company.com,Pacific Asia,Oceania,2025-06-12,0.021
417,Melissa,Gilbert,melissa.gilbert417@company.com,Pacific Asia,Oceania,2022-08-14,0.035
418,Steven,Spencer,steven.spencer418@company.com,Pacific Asia,Oceania,2024-11-14,0.049
419,Paula,Cole,paula.cole419@company.com,Pacific Asia,Oceania,2025-01-05,0.071
420,Denise,Morris,denise.morris420@company.com,Pacific Asia,Oceania,2022-05-15,0.024
421,Edward,Brown,edward.brown421@company.com,Pacific Asia,Oceania,2019-06-04,0.045
422,Rachel,Cooper,rachel.cooper422@company.com,Pacific Asia,Oceania,2024-04-04,0.058
423,William,Thompson,william.thompson423@company.com,Pacific Asia,Oceania,2020-07-25,0.032
424,Samuel,Gonzales,samuel.gonzales424@company.com,Pacific Asia,Oceania,2022-09-28,0.062
425,Erik,Watson,erik.watson425@company.com,Pacific Asia,Oceania,2020-11-04,0.05
426,Riley,Morgan,riley.morgan426@company.com,Pacific Asia,Oceania,2023-05-04,0.035
427,Kristina,Holland,kristina.holland427@company.com,Pacific Asia,Oceania,2019-02-15,0.059
428,Cody,Gregory,cody.gregory428@company.com,Pacific Asia,Oceania,2020-11-07,0.02
429,Jennifer,Douglas,jennifer.douglas429@company.com,Pacific Asia,Oceania,2025-10-12,0.065
430,Morgan,Cook,morgan.cook430@company.com,Pacific Asia,Oceania,2023-03-21,0.066
431,Donald,Bailey,donald.bailey431@company.com,Pacific Asia,Oceania,2026-04-07,0.026
432,Holly,Myers,holly.myers432@company.com,Pacific Asia,Oceania,2023-04-25,0.046
433,Sharon,Collins,sharon.collins433@company.com,Pacific Asia,Oceania,2021-08-02,0.031
434,Latasha,Li,latasha.li434@company.com,Pacific Asia,Oceania,2023-11-28,0.077
435,Maria,Rodgers,maria.rodgers435@company.com,Pacific Asia,Oceania,2024-01-12,0.051
436,Alicia,Lucas,alicia.lucas436@company.com,Pacific Asia,Oceania,2021-12-15,0.023
437,Michael,Cox,michael.cox437@company.com,Pacific Asia,Oceania,2020-01-12,0.035
438,Jason,Meza,jason.meza438@company.com,Pacific Asia,Oceania,2022-06-15,0.071
439,Jeremy,Taylor,jeremy.taylor439@company.com,Pacific Asia,Oceania,2019-03-20,0.047
440,Megan,Garcia,megan.garcia440@company.com,Pacific Asia,South Asia,2024-09-15,0.068
441,Mary,Stephenson,mary.stephenson441@company.com,Pacific Asia,South Asia,2018-11-26,0.06
442,Matthew,Miranda,matthew.miranda442@company.com,Pacific Asia,South Asia,2019-08-22,0.079
443,Nicholas,Martin,nicholas.martin443@company.com,Pacific Asia,South Asia,2025-03-09,0.056
444,Kellie,Lamb,kellie.lamb444@company.com,Pacific Asia,South Asia,2019-11-30,0.077
445,Samuel,Jenkins,samuel.jenkins445@company.com,Pacific Asia,South Asia,2023-12-17,0.073
446,John,Wallace,john.wallace446@company.com,Pacific Asia,South Asia,2020-11-10,0.057
447,Kaitlyn,Cole,kaitlyn.cole447@company.com,Pacific Asia,South Asia,2022-10-31,0.063
448,Kyle,Stokes,kyle.stokes448@company.com,Pacific Asia,South Asia,2022-04-26,0.05
449,Mary,Richardson,mary.richardson449@company.com,Pacific Asia,South Asia,2026-02-07,0.07
450,Tracey,Murray,tracey.murray450@company.com,Pacific Asia,South Asia,2020-10-31,0.053
451,Patrick,Rose,patrick.rose451@company.com,Pacific Asia,South Asia,2026-04-03,0.074
452,Lisa,Solis,lisa.solis452@company.com,Pacific Asia,South Asia,2019-09-13,0.065
453,John,Davidson,john.davidson453@company.com,Pacific Asia,South Asia,2025-07-10,0.048
454,Angela,Garcia,angela.garcia454@company.com,Pacific Asia,South Asia,2025-04-20,0.036
455,Melissa,Mitchell,melissa.mitchell455@company.com,Pacific Asia,South Asia,2024-08-23,0.035
456,Joshua,Whitehead,joshua.whitehead456@company.com,Pacific Asia,South Asia,2019-10-09,0.058
457,Samuel,Potts,samuel.potts457@company.com,Pacific Asia,South Asia,2020-05-12,0.066
458,Shannon,Bailey,shannon.bailey458@company.com,Pacific Asia,South Asia,2018-10-25,0.051
459,Brian,Shaw,brian.shaw459@company.com,Pacific Asia,South Asia,2020-06-20,0.058
460,Virginia,Brooks,virginia.brooks460@company.com,Pacific Asia,South Asia,2018-10-29,0.036
461,Sarah,Combs,sarah.combs461@company.com,Pacific Asia,South Asia,2023-10-01,0.025
462,Lacey,Taylor,lacey.taylor462@company.com,Pacific Asia,South Asia,2020-11-15,0.037
463,Maria,Horton,maria.horton463@company.com,Pacific Asia,South Asia,2019-09-14,0.036
464,Janice,West,janice.west464@company.com,Pacific Asia,South Asia,2018-08-24,0.039
465,Christian,Scott,christian.scott465@company.com,Pacific Asia,South Asia,2025-03-19,0.052
466,Ana,Acosta,ana.acosta466@company.com,Pacific Asia,Southeast Asia,2022-10-13,0.028
467,Daniel,Roberts,daniel.roberts467@company.com,Pacific Asia,Southeast Asia,2020-12-26,0.034
468,Brandon,Barnes,brandon.barnes468@company.com,Pacific Asia,Southeast Asia,2024-11-20,0.062
469,Stephen,Rodriguez,stephen.rodriguez469@company.com,Pacific Asia,Southeast Asia,2025-10-08,0.062
470,Candice,Smith,candice.smith470@company.com,Pacific Asia,Southeast Asia,2022-09-07,0.024
471,John,Thomas,john.thomas471@company.com,Pacific Asia,Southeast Asia,2022-01-01,0.044
472,Christina,Allen,christina.allen472@company.com,Pacific Asia,Southeast Asia,2021-11-25,0.053
473,Elizabeth,Miller,elizabeth.miller473@company.com,Pacific Asia,Southeast Asia,2026-04-27,0.045
474,Carlos,Fox,carlos.fox474@company.com,Pacific Asia,Southeast Asia,2022-08-15,0.032
475,Vanessa,Spencer,vanessa.spencer475@company.com,Pacific Asia,Southeast Asia,2021-09-11,0.045
476,Theodore,Reid,theodore.reid476@company.com,Pacific Asia,Southeast Asia,2026-05-16,0.074
477,Jon,Smith,jon.smith477@company.com,Pacific Asia,Southeast Asia,2024-11-05,0.055
478,Michael,Quinn,michael.quinn478@company.com,Pacific Asia,Southeast Asia,2023-07-30,0.062
479,Kelsey,Moss,kelsey.moss479@company.com,Pacific Asia,Southeast Asia,2021-03-27,0.071
480,Bradley,Payne,bradley.payne480@company.com,Pacific Asia,Southeast Asia,2025-01-16,0.066
481,Gregory,Maxwell,gregory.maxwell481@company.com,Pacific Asia,Southeast Asia,2022-04-13,0.043
482,Heather,Welch,heather.welch482@company.com,Pacific Asia,Southeast Asia,2025-01-10,0.02
483,Bryan,Parsons,bryan.parsons483@company.com,Pacific Asia,Southeast Asia,2022-03-24,0.041
484,Kelly,Williams,kelly.williams484@company.com,Pacific Asia,Southeast Asia,2020-03-07,0.065
485,Bobby,Mahoney,bobby.mahoney485@company.com,Pacific Asia,Southeast Asia,2022-09-07,0.071
486,Veronica,Daniels,veronica.daniels486@company.com,Pacific Asia,Southeast Asia,2020-08-10,0.077
487,Karen,Lee,karen.lee487@company.com,Pacific Asia,Southeast Asia,2021-06-06,0.045
488,Kimberly,Glenn,kimberly.glenn488@company.com,Pacific Asia,Southeast Asia,2021-03-25,0.065
489,David,Richardson,david.richardson489@company.com,Pacific Asia,Southeast Asia,2025-08-24,0.053
490,Julia,Kline,julia.kline490@company.com,Pacific Asia,Southeast Asia,2021-08-31,0.056
491,Terri,Crawford,terri.crawford491@company.com,Pacific Asia,Southeast Asia,2022-07-17,0.033
492,Sandra,Stone,sandra.stone492@company.com,Pacific Asia,Southeast Asia,2024-12-11,0.033
493,Jessica,Miller,jessica.miller493@company.com,Pacific Asia,Southeast Asia,2023-05-17,0.046
494,Lynn,Gardner,lynn.gardner494@company.com,Pacific Asia,Southeast Asia,2021-02-22,0.022
495,Christopher,Guerrero,christopher.guerrero495@company.com,Pacific Asia,Southeast Asia,2021-01-11,0.04
496,Carrie,Simmons,carrie.simmons496@company.com,Pacific Asia,Southeast Asia,2024-01-24,0.061
497,Michael,Williams,michael.williams497@company.com,Pacific Asia,Southeast Asia,2025-06-29,0.044
498,Michael,Bolton,michael.bolton498@company.com,Pacific Asia,West Asia,2020-10-11,0.03
499,Tina,Gould,tina.gould499@company.com,Pacific Asia,West Asia,2019-03-14,0.048
500,Dana,Cox,dana.cox500@company.com,Pacific Asia,West Asia,2024-12-11,0.028
501,Erin,Cisneros,erin.cisneros501@company.com,Pacific Asia,West Asia,2019-09-25,0.057
502,Cathy,Harrington,cathy.harrington502@company.com,Pacific Asia,West Asia,2018-11-17,0.022
503,Carlos,Osborne,carlos.osborne503@company.com,Pacific Asia,West Asia,2021-07-03,0.044
504,Patrick,Bradley,patrick.bradley504@company.com,Pacific Asia,West Asia,2023-05-24,0.054
505,Erika,Rush,erika.rush505@company.com,Pacific Asia,West Asia,2021-07-19,0.022
506,Kathryn,Berry,kathryn.berry506@company.com,Pacific Asia,West Asia,2022-10-18,0.059
507,Raymond,Banks,raymond.banks507@company.com,Pacific Asia,West Asia,2020-07-30,0.028
508,Daniel,Fitzgerald,daniel.fitzgerald508@company.com,Pacific Asia,West Asia,2022-07-22,0.048
509,Paul,Hoffman,paul.hoffman509@company.com,Pacific Asia,West Asia,2020-09-04,0.023
510,Jorge,Griffin,jorge.griffin510@company.com,Pacific Asia,West Asia,2026-06-29,0.043
511,Justin,Hendricks,justin.hendricks511@company.com,Pacific Asia,West Asia,2022-06-29,0.033
512,David,Farrell,david.farrell512@company.com,Pacific Asia,West Asia,2022-03-08,0.04
513,Rachel,Wallace,rachel.wallace513@company.com,Pacific Asia,West Asia,2019-04-19,0.066
514,Evelyn,Bruce,evelyn.bruce514@company.com,Pacific Asia,West Asia,2021-02-18,0.043
515,Michael,Brown,michael.brown515@company.com,Pacific Asia,West Asia,2022-11-23,0.065
516,Patricia,York,patricia.york516@company.com,Pacific Asia,West Asia,2024-03-28,0.07
517,Sara,Little,sara.little517@company.com,Pacific Asia,West Asia,2024-11-20,0.035
518,William,Martinez,william.martinez518@company.com,USCA,Canada,2020-03-12,0.025
519,Dominic,Tyler,dominic.tyler519@company.com,USCA,Canada,2018-10-24,0.021
520,Angela,Wood,angela.wood520@company.com,USCA,Canada,2024-12-19,0.052
521,Andrea,Salazar,andrea.salazar521@company.com,USCA,East of USA,2019-04-15,0.08
522,Kyle,Key,kyle.key522@company.com,USCA,East of USA,2024-04-17,0.041
523,Alicia,Hammond,alicia.hammond523@company.com,USCA,East of USA,2025-02-14,0.059
524,Charles,Compton,charles.compton524@company.com,USCA,East of USA,2023-09-09,0.067
525,Shannon,Frazier,shannon.frazier525@company.com,USCA,East of USA,2021-05-01,0.059
526,Natalie,Deleon,natalie.deleon526@company.com,USCA,East of USA,2023-09-02,0.065
527,Hunter,Burch,hunter.burch527@company.com,USCA,East of USA,2022-01-11,0.077
528,Renee,Brown,renee.brown528@company.com,USCA,East of USA,2019-08-03,0.032
529,Eric,Martin,eric.martin529@company.com,USCA,East of USA,2021-02-27,0.021
530,Jenna,Reed,jenna.reed530@company.com,USCA,East of USA,2026-01-20,0.029
531,Patty,Singleton,patty.singleton531@company.com,USCA,East of USA,2020-08-02,0.028
532,Cynthia,Pierce,cynthia.pierce532@company.com,USCA,East of USA,2019-08-05,0.06
533,Kevin,Ferguson,kevin.ferguson533@company.com,USCA,East of USA,2022-08-01,0.054
534,Gary,David,gary.david534@company.com,USCA,East of USA,2019-10-28,0.033
535,Donna,Le,donna.le535@company.com,USCA,East of USA,2023-05-25,0.062
536,Megan,Elliott,megan.elliott536@company.com,USCA,East of USA,2025-02-19,0.066
537,Anthony,Williams,anthony.williams537@company.com,USCA,East of USA,2023-09-07,0.03
538,Barbara,Curtis,barbara.curtis538@company.com,USCA,East of USA,2024-09-04,0.056
539,Robert,Fowler,robert.fowler539@company.com,USCA,East of USA,2022-07-19,0.065
540,Courtney,Roberts,courtney.roberts540@company.com,USCA,East of USA,2026-03-06,0.027
541,Timothy,Ballard,timothy.ballard541@company.com,USCA,East of USA,2024-01-10,0.069
542,Kenneth,Jones,kenneth.jones542@company.com,USCA,East of USA,2019-01-29,0.078
543,Scott,Washington,scott.washington543@company.com,USCA,East of USA,2020-03-21,0.026
544,Catherine,Edwards,catherine.edwards544@company.com,USCA,South of  USA ,2024-04-16,0.022
545,Jessica,Valencia,jessica.valencia545@company.com,USCA,South of  USA ,2026-04-29,0.039
546,David,Wood,david.wood546@company.com,USCA,South of  USA ,2023-01-19,0.061
547,Luis,Owens,luis.owens547@company.com,USCA,South of  USA ,2020-09-20,0.077
548,John,Davis,john.davis548@company.com,USCA,South of  USA ,2020-11-25,0.044
549,Patrick,Gilbert,patrick.gilbert549@company.com,USCA,South of  USA ,2020-07-26,0.063
550,Michelle,Moore,michelle.moore550@company.com,USCA,South of  USA ,2021-03-12,0.025
551,Becky,Edwards,becky.edwards551@company.com,USCA,South of  USA ,2024-08-23,0.061
552,Tyrone,Robertson,tyrone.robertson552@company.com,USCA,South of  USA ,2022-07-21,0.058
553,Kyle,Johnson,kyle.johnson553@company.com,USCA,South of  USA ,2026-02-01,0.026
554,William,Levy,william.levy554@company.com,USCA,South of  USA ,2020-04-22,0.066
555,Michael,Williams,michael.williams555@company.com,USCA,South of  USA ,2022-07-10,0.071
556,Nicole,Pena,nicole.pena556@company.com,USCA,South of  USA ,2022-04-30,0.056
557,Amanda,Boone,amanda.boone557@company.com,USCA,US Center ,2022-01-06,0.027
558,Nicole,Luna,nicole.luna558@company.com,USCA,US Center ,2024-08-26,0.079
559,Michael,Morales,michael.morales559@company.com,USCA,US Center ,2023-02-13,0.067
560,James,Tran,james.tran560@company.com,USCA,US Center ,2019-03-09,0.041
561,William,Duran,william.duran561@company.com,USCA,US Center ,2020-10-25,0.046
562,Veronica,Becker,veronica.becker562@company.com,USCA,US Center ,2019-07-18,0.042
563,Theresa,Long,theresa.long563@company.com,USCA,US Center ,2024-11-23,0.05
564,Matthew,Mcmillan,matthew.mcmillan564@company.com,USCA,US Center ,2024-07-31,0.04
565,James,Hicks,james.hicks565@company.com,USCA,US Center ,2022-07-25,0.071
566,Brandon,Taylor,brandon.taylor566@company.com,USCA,US Center ,2021-03-29,0.069
567,Thomas,Bryant,thomas.bryant567@company.com,USCA,US Center ,2023-05-28,0.026
568,Zachary,Murphy,zachary.murphy568@company.com,USCA,US Center ,2023-06-16,0.078
569,Francisco,Ewing,francisco.ewing569@company.com,USCA,US Center ,2024-06-16,0.058
570,Kevin,Rogers,kevin.rogers570@company.com,USCA,US Center ,2025-02-28,0.07
571,Amanda,Erickson,amanda.erickson571@company.com,USCA,US Center ,2020-12-22,0.062
572,Lisa,Richardson,lisa.richardson572@company.com,USCA,US Center ,2023-12-09,0.046
573,Tina,Silva,tina.silva573@company.com,USCA,US Center ,2024-11-29,0.064
574,Jessica,Watts,jessica.watts574@company.com,USCA,US Center ,2018-10-25,0.078
575,Thomas,Coffey,thomas.coffey575@company.com,USCA,US Center ,2024-10-20,0.036
576,Kimberly,Lane,kimberly.lane576@company.com,USCA,US Center ,2024-04-25,0.068
577,Brandy,Jackson,brandy.jackson577@company.com,USCA,West of USA ,2023-08-02,0.052
578,Christine,Randall,christine.randall578@company.com,USCA,West of USA ,2019-10-10,0.049
579,Erin,Johnson,erin.johnson579@company.com,USCA,West of USA ,2026-02-10,0.046
580,Daniel,Smith,daniel.smith580@company.com,USCA,West of USA ,2021-02-01,0.064
581,Edward,Vaughn,edward.vaughn581@company.com,USCA,West of USA ,2021-11-07,0.036
582,Kimberly,Knapp,kimberly.knapp582@company.com,USCA,West of USA ,2025-07-07,0.071
583,Jill,Brown,jill.brown583@company.com,USCA,West of USA ,2019-09-12,0.07
584,Jared,Nguyen,jared.nguyen584@company.com,USCA,West of USA ,2023-11-06,0.025
585,Alicia,Edwards,alicia.edwards585@company.com,USCA,West of USA ,2019-12-22,0.073
586,Rhonda,Peterson,rhonda.peterson586@company.com,USCA,West of USA ,2021-05-29,0.035
587,Kelsey,Le,kelsey.le587@company.com,USCA,West of USA ,2023-09-12,0.048
588,Heather,Bishop,heather.bishop588@company.com,USCA,West of USA ,2020-02-16,0.057
589,John,Grant,john.grant589@company.com,USCA,West of USA ,2020-05-20,0.043
590,Teresa,Evans,teresa.evans590@company.com,USCA,West of USA ,2020-11-21,0.022
591,Jared,Bush,jared.bush591@company.com,USCA,West of USA ,2021-02-10,0.071
592,Michael,Peck,michael.peck592@company.com,USCA,West of USA ,2024-11-25,0.031
593,Joshua,Martinez,joshua.martinez593@company.com,USCA,West of USA ,2023-12-17,0.033
594,Noah,Baird,noah.baird594@company.com,USCA,West of USA ,2025-01-30,0.068
595,Stephanie,Ballard,stephanie.ballard595@company.com,USCA,West of USA ,2020-11-25,0.04
596,Keith,Klein,keith.klein596@company.com,USCA,West of USA ,2021-05-06,0.073
597,Scott,Scott,scott.scott597@company.com,USCA,West of USA ,2022-05-25,0.062
598,James,Ryan,james.ryan598@company.com,USCA,West of USA ,2025-12-28,0.037
599,Heather,Taylor,heather.taylor599@company.com,USCA,West of USA ,2023-06-24,0.021
600,Brenda,Sanchez,brenda.sanchez600@company.com,USCA,West of USA ,2023-11-28,0.077
601,Amanda,Little,amanda.little601@company.com,USCA,West of USA ,2019-01-07,0.025
602,Robert,Love,robert.love602@company.com,USCA,West of USA ,2019-05-26,0.063
603,Kelli,Smith,kelli.smith603@company.com,USCA,West of USA ,2022-12-17,0.049
